City_ID,City,Country,Date,Lat,Lng,Max Temp,Humidity,Cloudiness,Wind Speed
0,Vaini,TO,2021-07-31 05:56:23,-21.2,-175.2,77.16,94,90,14.97
1,Port Elizabeth,ZA,2021-07-31 05:52:46,-33.918,25.5701,46.69,93,0,3.44
2,Buraydah,SA,2021-07-31 05:56:24,26.326,43.975,88.25,9,93,7.18
3,Ushuaia,AR,2021-07-31 05:56:25,-54.8,-68.3,37.06,65,20,0.0
4,Rikitea,PF,2021-07-31 05:56:25,-23.1203,-134.9692,70.72,86,61,8.16
5,Avarua,CK,2021-07-31 05:56:25,-21.2078,-159.775,73.45,68,40,10.36
6,Bredasdorp,ZA,2021-07-31 05:56:26,-34.5322,20.0403,45.72,93,6,6.91
7,Punta Arenas,CL,2021-07-31 05:56:26,-53.15,-70.9167,37.51,75,0,10.36
8,Finschhafen,PG,2021-07-31 05:56:27,-6.6024,147.8681,82.09,74,100,8.5
9,Cape Town,ZA,2021-07-31 05:56:27,-33.9258,18.4232,52.12,100,5,3.44
10,Umm Kaddadah,SD,2021-07-31 05:56:28,13.6017,26.6876,81.72,61,97,13.4
11,Egvekinot,RU,2021-07-31 05:56:28,66.3167,-179.1667,36.36,91,100,5.21
12,Nikolskoye,RU,2021-07-31 05:56:28,59.7035,30.7861,62.4,81,97,12.33
13,Rio Grande,BR,2021-07-31 05:56:29,-32.035,-52.0986,46.99,86,0,8.43
14,Pochutla,MX,2021-07-31 05:56:29,15.7432,-96.4661,78.82,89,67,4.43
15,Sulina,RO,2021-07-31 05:56:30,45.1559,29.6536,80.98,58,11,5.06
16,Shilka,RU,2021-07-31 05:56:30,51.85,116.0333,74.53,38,11,13.42
17,Coihaique,CL,2021-07-31 05:56:30,-45.5752,-72.0662,31.95,80,0,4.61
18,Nanortalik,GL,2021-07-31 05:56:31,60.1432,-45.2371,45.5,82,100,2.24
19,Dunedin,NZ,2021-07-31 05:56:31,-45.8742,170.5036,51.8,77,100,1.99
20,Butaritari,KI,2021-07-31 05:56:32,3.0707,172.7902,80.71,76,78,3.89
21,Cayenne,GF,2021-07-31 05:56:33,4.9333,-52.3333,79.09,87,0,0.0
22,Mataura,NZ,2021-07-31 05:56:33,-46.1927,168.8643,48.47,99,100,0.56
23,Tamluk,IN,2021-07-31 05:56:33,22.3,87.9167,87.78,68,100,12.19
24,Sioux Lookout,CA,2021-07-31 05:56:34,50.1001,-91.917,62.98,94,75,3.44
25,Souillac,MU,2021-07-31 05:56:34,-20.5167,57.5167,73.78,64,40,13.8
26,Killybegs,IE,2021-07-31 05:56:35,54.6333,-8.45,56.44,89,94,5.19
27,Longyearbyen,SJ,2021-07-31 05:56:35,78.2186,15.6401,42.64,65,40,8.05
28,Yumbel,CL,2021-07-31 05:56:35,-37.0833,-72.5667,47.12,90,35,7.7
29,Kodiak,US,2021-07-31 05:56:36,57.79,-152.4072,51.96,90,91,4.52
30,Port Alfred,ZA,2021-07-31 05:56:36,-33.5906,26.891,59.85,55,0,6.35
31,Saint-Philippe,RE,2021-07-31 05:56:36,-21.3585,55.7679,73.22,75,16,11.12
32,Gold Coast,AU,2021-07-31 05:56:37,-28.0,153.4333,73.78,60,0,5.99
33,Tasiilaq,GL,2021-07-31 05:56:37,65.6145,-37.6368,41.65,78,20,2.84
34,Quatre Cocos,MU,2021-07-31 05:56:38,-20.2078,57.7625,73.51,66,64,18.99
35,Luxor,EG,2021-07-31 05:56:38,25.6989,32.6421,86.05,28,0,3.44
36,Ushibuka,JP,2021-07-31 05:56:38,32.1906,130.0228,83.62,76,97,8.61
37,Chokurdakh,RU,2021-07-31 05:56:39,70.6333,147.9167,46.87,70,49,17.92
38,Yulara,AU,2021-07-31 05:56:39,-25.2406,130.9889,82.24,26,20,26.46
39,Atuona,PF,2021-07-31 05:56:40,-9.8,-139.0333,77.07,76,30,15.93
40,Hay River,CA,2021-07-31 05:53:22,60.8156,-115.7999,71.58,56,20,5.75
41,East London,ZA,2021-07-31 05:53:36,-33.0153,27.9116,59.56,43,0,4.88
42,Albany,US,2021-07-31 05:53:38,42.6001,-73.9662,55.53,89,0,4.9
43,Kapoeta,SS,2021-07-31 05:56:40,4.7717,33.5903,76.71,57,78,16.37
44,Kavieng,PG,2021-07-31 05:56:41,-2.5744,150.7967,83.28,73,58,5.17
45,San Cristobal,VE,2021-07-31 05:56:41,7.7669,-72.225,65.16,96,86,4.29
46,Kapaa,US,2021-07-31 05:56:42,22.0752,-159.319,82.38,73,40,4.0
47,Kaitangata,NZ,2021-07-31 05:56:42,-46.2817,169.8464,49.68,92,100,1.54
48,Malanje,AO,2021-07-31 05:56:42,-9.5402,16.341,61.93,32,2,6.76
49,Seoul,KR,2021-07-31 05:54:57,37.5683,126.9778,97.21,54,40,6.91
50,Norman Wells,CA,2021-07-31 05:56:43,65.282,-126.8329,75.24,50,20,5.75
51,Samana,DO,2021-07-31 05:56:43,19.2056,-69.3369,78.94,90,85,8.77
52,Riyadh,SA,2021-07-31 05:55:06,24.6877,46.7219,98.74,12,62,10.56
53,Neuquen,AR,2021-07-31 05:56:44,-38.9516,-68.0591,48.09,76,0,6.91
54,Bengkulu,ID,2021-07-31 05:56:44,-3.8004,102.2655,85.86,65,8,10.96
55,Beoumi,CI,2021-07-31 05:56:45,7.6736,-5.5764,72.41,90,100,5.88
56,Obo,CF,2021-07-31 05:56:45,5.3998,26.4869,71.24,92,100,1.19
57,Deniliquin,AU,2021-07-31 05:56:45,-35.5333,144.9667,64.99,42,8,10.29
58,Castro,BR,2021-07-31 05:56:46,-24.7911,-50.0119,34.23,95,99,4.85
59,Tura,IN,2021-07-31 05:56:46,25.5198,90.2201,75.65,97,100,4.63
60,Abu Dhabi,AE,2021-07-31 05:56:47,24.4667,54.3667,95.11,75,84,4.61
61,Faya,SA,2021-07-31 05:56:47,18.3851,42.4509,71.71,60,81,9.31
62,Anadyr,RU,2021-07-31 05:56:47,64.75,177.4833,50.5,66,75,11.01
63,Saskylakh,RU,2021-07-31 05:56:48,71.9167,114.0833,86.27,22,8,12.5
64,Kahului,US,2021-07-31 05:56:48,20.8947,-156.47,76.26,92,41,14.5
65,Jamestown,US,2021-07-31 05:54:29,42.097,-79.2353,60.37,82,20,0.2
66,Sandpoint,US,2021-07-31 05:53:10,48.2766,-116.5533,81.68,46,1,4.61
67,Guaruja,BR,2021-07-31 05:56:49,-23.9931,-46.2564,58.15,26,100,1.01
68,Tandil,AR,2021-07-31 05:52:25,-37.3217,-59.1332,43.11,61,17,1.01
69,Lukiv,UA,2021-07-31 05:56:49,51.0521,25.4006,74.17,61,3,5.08
70,Temeni,GR,2021-07-31 05:56:50,38.2333,22.1167,86.76,36,0,7.83
71,Olinda,BR,2021-07-31 05:56:50,-8.0089,-34.8553,69.53,88,75,6.91
72,San Patricio,US,2021-07-31 05:56:51,28.017,-97.5169,84.85,78,13,9.6
73,Victoria,HK,2021-07-31 05:56:51,22.2855,114.1577,93.96,81,87,1.01
74,Nunkini,MX,2021-07-31 05:56:52,20.3333,-90.1833,78.71,75,10,5.86
75,Hobart,AU,2021-07-31 05:56:52,-42.8794,147.3294,60.26,57,75,5.01
76,Novaya Zaimka,RU,2021-07-31 05:56:52,56.4857,66.9241,64.69,84,79,10.25
77,Ambilobe,MG,2021-07-31 05:56:53,-13.2,49.05,79.83,43,0,8.03
78,Tuatapere,NZ,2021-07-31 05:56:53,-46.1333,167.6833,48.81,98,100,1.54
79,Honiara,SB,2021-07-31 05:56:54,-9.4333,159.95,80.31,85,91,1.48
80,Pimenta Bueno,BR,2021-07-31 05:56:54,-11.6725,-61.1936,59.11,53,0,3.4
81,Najran,SA,2021-07-31 05:56:55,17.4924,44.1277,88.45,29,88,8.21
82,Hasaki,JP,2021-07-31 05:56:55,35.7333,140.8333,84.6,74,0,13.35
83,Port-Gentil,GA,2021-07-31 05:56:55,-0.7193,8.7815,76.96,83,40,8.05
84,Hope,US,2021-07-31 05:56:56,33.6671,-93.5916,82.94,59,0,3.31
85,Khatanga,RU,2021-07-31 05:56:56,71.9667,102.5,84.74,25,11,17.92
86,Airai,TL,2021-07-31 05:56:56,-8.9266,125.4092,73.17,50,19,2.98
87,Beruwala,LK,2021-07-31 05:56:57,6.4788,79.9828,83.16,75,58,12.84
88,Beipiao,CN,2021-07-31 05:56:57,41.7919,120.7792,76.05,81,100,2.64
89,Srednekolymsk,RU,2021-07-31 05:56:58,67.45,153.6833,58.96,43,92,18.34
90,Chesma,RU,2021-07-31 05:56:58,53.8111,60.6533,77.41,52,93,6.22
91,Lebu,CL,2021-07-31 05:56:58,-37.6167,-73.65,48.07,88,33,14.58
92,Constitucion,CL,2021-07-31 05:56:59,-35.3333,-72.4167,50.47,81,23,6.4
93,Baraki Barak,AF,2021-07-31 05:56:59,33.9675,68.9486,83.08,22,0,1.28
94,Bowen,AU,2021-07-31 05:57:00,-20.0167,148.2333,79.02,68,20,9.19
95,Provideniya,RU,2021-07-31 05:57:00,64.3833,-173.3,46.89,91,100,6.82
96,Fare,PF,2021-07-31 05:57:01,-16.7,-151.0167,77.65,68,35,14.83
97,Te Anau,NZ,2021-07-31 05:57:01,-45.4167,167.7167,45.57,96,100,1.66
98,Joensuu,FI,2021-07-31 05:57:01,62.6012,29.7632,64.27,82,97,1.99
99,Kapfenberg,AT,2021-07-31 05:57:02,47.454,15.2702,68.7,83,96,2.59
100,Marsaxlokk,MT,2021-07-31 05:57:02,35.8419,14.5431,83.01,69,0,9.22
101,Roald,NO,2021-07-31 05:57:03,62.5833,6.1333,56.91,82,75,4.61
102,Sohbatpur,PK,2021-07-31 05:57:03,28.5202,68.5434,104.68,34,3,8.61
103,Balkhash,KZ,2021-07-31 05:57:04,46.844,74.9804,83.01,28,0,11.18
104,Sao Joao Da Barra,BR,2021-07-31 05:57:04,-21.6403,-41.0511,56.59,78,74,11.54
105,Cherskiy,RU,2021-07-31 05:57:05,68.75,161.3,41.99,89,100,14.05
106,Dewas,IN,2021-07-31 05:57:05,22.9667,76.0667,76.59,83,100,18.43
107,Hithadhoo,MV,2021-07-31 05:57:06,-0.6,73.0833,80.85,74,53,3.24
108,Leuwiliang,ID,2021-07-31 05:57:06,-6.5745,106.6344,91.22,56,26,4.63
109,Esperance,AU,2021-07-31 05:57:06,-33.8667,121.9,55.24,60,35,23.24
110,Tuktoyaktuk,CA,2021-07-31 05:57:07,69.4541,-133.0374,59.0,88,75,6.91
111,San Andres,CO,2021-07-31 05:53:21,12.5847,-81.7006,82.42,89,75,12.66
112,Dikson,RU,2021-07-31 05:57:07,73.5069,80.5464,41.68,98,100,8.32
113,Cabo San Lucas,MX,2021-07-31 05:57:08,22.8909,-109.9124,86.61,67,1,5.01
114,Hermanus,ZA,2021-07-31 05:57:08,-34.4187,19.2345,51.91,75,7,1.99
115,Grand Gaube,MU,2021-07-31 05:57:09,-20.0064,57.6608,73.8,72,40,13.0
116,Kyshtovka,RU,2021-07-31 05:57:09,56.555,76.6271,55.96,94,100,13.98
117,Guapo,BR,2021-07-31 05:57:09,-16.8306,-49.5319,57.58,20,6,3.94
118,Nurota,UZ,2021-07-31 05:57:10,40.5614,65.6886,87.89,19,74,21.81
119,Noumea,NC,2021-07-31 05:57:10,-22.2763,166.4572,67.98,57,94,17.13
120,Bethel,US,2021-07-31 05:57:11,41.3712,-73.414,64.56,80,2,4.5
121,Bluff,NZ,2021-07-31 05:57:11,-46.6,168.3333,48.79,94,100,3.11
122,Severo-Kurilsk,RU,2021-07-31 05:57:12,50.6789,156.125,53.4,95,100,10.85
123,Zurrieq,MT,2021-07-31 05:57:12,35.8311,14.4742,81.91,69,0,9.22
124,Poltavka,RU,2021-07-31 05:57:13,54.3663,71.7632,75.07,47,64,11.36
125,Zhigansk,RU,2021-07-31 05:57:13,66.7697,123.3711,76.69,28,29,7.54
126,Tautira,PF,2021-07-31 05:57:13,-17.7333,-149.15,77.0,67,74,13.91
127,Erzin,TR,2021-07-31 05:57:14,36.9559,36.2,86.52,55,1,5.01
128,Nyurba,RU,2021-07-31 05:57:14,63.2842,118.3319,81.9,24,36,2.71
129,Pevek,RU,2021-07-31 05:57:15,69.7008,170.3133,33.03,91,99,3.83
130,Cidreira,BR,2021-07-31 05:57:15,-30.1811,-50.2056,50.99,79,0,11.63
131,Arman,RU,2021-07-31 05:57:15,59.7,150.1667,56.07,62,16,9.37
132,Busselton,AU,2021-07-31 05:57:16,-33.65,115.3333,56.05,65,87,16.33
133,Guerrero Negro,MX,2021-07-31 05:57:16,27.9769,-114.0611,71.26,83,25,10.2
134,Puerto Ayora,EC,2021-07-31 05:57:17,-0.7393,-90.3518,70.56,94,26,5.01
135,Akdepe,TM,2021-07-31 05:57:17,42.0551,59.3788,89.69,10,15,9.44
136,Torit,SS,2021-07-31 05:57:17,4.4133,32.5678,71.69,90,100,1.95
137,Ilulissat,GL,2021-07-31 05:57:18,69.2167,-51.1,41.23,69,69,5.55
138,Havoysund,NO,2021-07-31 05:57:18,70.9963,24.6622,47.28,95,100,2.98
139,San Nicolas,PH,2021-07-31 05:57:19,18.1725,120.5953,85.91,79,75,17.27
140,Hambantota,LK,2021-07-31 05:57:19,6.1241,81.1185,91.74,58,20,14.97
141,Byron Bay,AU,2021-07-31 05:54:02,-28.65,153.6167,73.51,60,0,14.7
142,Acarau,BR,2021-07-31 05:57:20,-2.8856,-40.12,77.65,81,99,14.79
143,Luwuk,ID,2021-07-31 05:57:20,-0.9516,122.7875,83.77,77,40,5.61
144,Trelleborg,SE,2021-07-31 05:57:21,55.3751,13.1569,64.94,84,53,19.15
145,Puerto Ayacucho,VE,2021-07-31 05:57:21,5.6639,-67.6236,72.99,95,85,3.56
146,Krasnoborsk,RU,2021-07-31 05:57:22,61.5598,45.934,59.67,99,94,3.98
147,Kalyazin,RU,2021-07-31 05:57:22,57.2403,37.8433,68.05,66,43,12.03
148,Jalu,LY,2021-07-31 05:57:22,29.0331,21.5482,85.62,30,0,9.75
149,Kingaroy,AU,2021-07-31 05:57:23,-26.5333,151.8333,72.05,48,6,11.5
150,Singaraja,ID,2021-07-31 05:57:23,-8.112,115.0882,86.18,59,11,4.68
151,Saint-Paul,RE,2021-07-31 05:57:24,-21.0096,55.2707,73.74,61,7,2.33
152,Muzhi,RU,2021-07-31 05:57:24,65.3667,64.6667,55.04,61,99,10.51
153,Sibi,PK,2021-07-31 05:53:47,29.5448,67.8764,104.95,32,0,8.12
154,Qaanaaq,GL,2021-07-31 05:57:25,77.484,-69.3632,40.77,90,89,0.76
155,Sayyan,YE,2021-07-31 05:57:25,15.1718,44.3244,66.9,56,93,4.65
156,Tucuman,AR,2021-07-31 05:57:26,-26.8241,-65.2226,44.6,70,2,6.91
157,Vila Franca Do Campo,PT,2021-07-31 05:57:26,37.7167,-25.4333,70.21,91,77,3.09
158,Port Macquarie,AU,2021-07-31 05:57:26,-31.4333,152.9167,71.56,50,0,12.24
159,Chilca,PE,2021-07-31 05:57:27,-12.5211,-76.7372,61.61,85,87,7.85
160,Torbay,CA,2021-07-31 05:57:27,47.6666,-52.7314,65.28,98,90,25.32
161,Acapulco,MX,2021-07-31 05:54:43,16.8634,-99.8901,77.79,77,100,4.03
162,Chapais,CA,2021-07-31 05:57:28,49.7834,-74.8492,49.78,96,84,5.08
163,Gat,IL,2021-07-31 05:55:01,31.61,34.7642,89.4,53,0,2.73
164,Saint George,US,2021-07-31 05:57:28,37.1041,-113.5841,83.62,49,81,1.01
165,Tshikapa,CD,2021-07-31 05:57:29,-6.4167,20.8,76.44,28,77,5.14
166,Mahebourg,MU,2021-07-31 05:57:29,-20.4081,57.7,73.69,64,40,13.8
167,Bandundu,CD,2021-07-31 05:57:29,-3.3167,17.3667,74.97,53,17,3.31
168,Mehamn,NO,2021-07-31 05:57:30,71.0357,27.8492,49.21,78,100,6.46
169,Santona,ES,2021-07-31 05:57:30,43.4439,-3.4576,59.59,86,100,6.87
170,Barrow,US,2021-07-31 05:57:31,71.2906,-156.7887,46.42,93,40,9.22
171,Mar Del Plata,AR,2021-07-31 05:57:31,-38.0023,-57.5575,50.0,72,0,1.01
172,Richards Bay,ZA,2021-07-31 05:57:32,-28.783,32.0377,60.4,79,0,6.4
173,Yellowknife,CA,2021-07-31 05:57:32,62.456,-114.3525,65.28,68,20,6.91
174,Paamiut,GL,2021-07-31 05:57:32,61.994,-49.6678,44.42,90,100,9.24
175,Upernavik,GL,2021-07-31 05:57:33,72.7868,-56.1549,38.79,89,4,12.19
176,Naze,JP,2021-07-31 05:57:33,28.3667,129.4833,85.12,74,90,5.75
177,Marsabit,KE,2021-07-31 05:57:34,2.3284,37.9899,63.21,55,86,21.09
178,San Rafael,AR,2021-07-31 05:57:34,-34.6177,-68.3301,47.84,30,42,11.3
179,Marzuq,YE,2021-07-31 05:57:35,14.4,46.4667,77.52,63,67,8.77
180,Terney,RU,2021-07-31 05:57:35,45.0503,136.6092,70.05,94,96,10.27
181,The Pas,CA,2021-07-31 05:57:35,53.8251,-101.2541,66.22,63,1,4.99
182,Sitka,US,2021-07-31 05:57:36,57.0531,-135.33,63.68,81,93,1.77
183,Walvis Bay,NA,2021-07-31 05:57:36,-22.9575,14.5053,75.09,15,0,20.71
184,Port Blair,IN,2021-07-31 05:57:37,11.6667,92.75,85.14,75,52,18.68
185,Lata,PT,2021-07-31 05:57:37,40.1629,-8.3327,59.92,88,74,5.64
186,Burnie,AU,2021-07-31 05:57:37,-41.0667,145.9167,53.42,88,81,14.61
187,Nome,US,2021-07-31 05:57:38,64.5011,-165.4064,51.87,87,90,9.22
188,Barsovo,RU,2021-07-31 05:57:38,61.1667,73.1667,62.73,97,100,4.54
189,Moyale,KE,2021-07-31 05:57:38,3.5167,39.0584,64.92,56,86,15.84
190,Balaipungut,ID,2021-07-31 05:57:39,1.05,101.2833,84.61,49,73,1.66
191,Bonthe,SL,2021-07-31 05:57:39,7.5264,-12.505,76.01,87,99,6.76
192,Tiksi,RU,2021-07-31 05:57:40,71.6872,128.8694,48.13,70,62,3.09
193,Vestmannaeyjar,IS,2021-07-31 05:57:40,63.4427,-20.2734,54.25,93,64,5.97
194,Rio Brilhante,BR,2021-07-31 05:57:40,-21.8019,-54.5464,49.78,31,100,6.08
195,Dawei,MM,2021-07-31 05:57:41,14.0833,98.2,82.65,82,87,8.43
196,Komsomolskiy,UZ,2021-07-31 05:57:41,40.4272,71.7189,86.72,21,48,6.91
197,Ponta Do Sol,PT,2021-07-31 05:57:42,32.6667,-17.1,73.0,80,9,4.61
198,Vardo,NO,2021-07-31 05:57:42,70.3705,31.1107,47.52,91,100,17.9
199,Gao,ML,2021-07-31 05:57:42,16.6362,1.637,86.4,51,99,13.4
200,Nelson Bay,AU,2021-07-31 05:57:43,-32.7167,152.15,73.76,62,12,16.15
201,Chamba,IN,2021-07-31 05:57:44,32.5667,76.1333,82.47,79,67,4.29
202,Bathsheba,BB,2021-07-31 05:57:44,13.2167,-59.5167,81.21,83,40,13.8
203,Hami,CN,2021-07-31 05:57:44,42.8,93.45,94.08,16,100,4.65
204,San Quintin,MX,2021-07-31 05:57:45,30.4833,-115.95,68.58,85,22,8.48
205,Xique-Xique,BR,2021-07-31 05:57:45,-10.8218,-42.7263,71.51,73,14,17.11
206,Katsuura,JP,2021-07-31 05:57:46,35.1333,140.3,89.64,69,0,12.59
207,Hervey Bay,AU,2021-07-31 05:57:46,-25.2986,152.8535,73.04,66,65,11.97
208,Arraial Do Cabo,BR,2021-07-31 05:57:47,-22.9661,-42.0278,63.46,66,89,15.26
209,Aden,YE,2021-07-31 05:57:47,12.7794,45.0367,80.38,76,30,9.24
210,New Norfolk,AU,2021-07-31 05:57:48,-42.7826,147.0587,59.92,57,82,3.0
211,Orcopampa,PE,2021-07-31 05:57:48,-15.2661,-72.3417,41.16,66,31,1.66
212,Marsa Matruh,EG,2021-07-31 05:57:48,31.3525,27.2453,77.2,83,0,9.22
213,Nuuk,GL,2021-07-31 05:57:49,64.1835,-51.7216,45.57,78,67,2.71
214,Zeya,RU,2021-07-31 05:57:49,53.75,127.2667,52.79,95,100,5.06
215,Lorengau,PG,2021-07-31 05:57:50,-2.0226,147.2712,84.54,66,84,3.76
216,Nemuro,JP,2021-07-31 05:57:50,43.3236,145.575,81.03,96,87,11.56
217,Carnarvon,AU,2021-07-31 05:57:50,-24.8667,113.6333,66.27,50,88,17.27
218,Los Banos,PH,2021-07-31 05:57:51,14.1667,121.1833,88.29,62,94,12.33
219,Cap-Chat,CA,2021-07-31 05:57:51,49.1001,-66.6821,57.2,100,100,19.57
220,Menongue,AO,2021-07-31 05:57:52,-14.6585,17.691,51.57,46,1,7.96
221,Namibe,AO,2021-07-31 05:57:52,-15.1961,12.1522,69.53,61,16,5.08
222,Kurchum,KZ,2021-07-31 05:57:52,48.5722,83.6542,77.23,32,0,10.27
223,Dongsheng,CN,2021-07-31 05:57:53,39.8161,109.9776,83.57,17,0,19.71
224,Saint Anthony,US,2021-07-31 05:57:53,45.0205,-93.218,66.92,79,21,1.01
225,Banda Aceh,ID,2021-07-31 05:59:09,5.5577,95.3222,82.78,72,97,21.25
226,Udachnyy,RU,2021-07-31 05:59:10,66.4167,112.4,80.19,23,0,10.2
227,Sayan,PE,2021-07-31 05:59:10,-11.1361,-77.1933,64.42,75,14,1.63
228,Siniscola,IT,2021-07-31 05:59:11,40.5719,9.6922,76.55,55,0,2.06
229,Moindou,NC,2021-07-31 05:59:11,-21.6924,165.677,67.95,56,31,17.38
230,Lompoc,US,2021-07-31 05:59:11,34.6391,-120.4579,66.78,93,90,4.61
231,Corn Island,NI,2021-07-31 05:59:12,12.1694,-83.0418,81.75,81,98,16.69
232,Springbok,ZA,2021-07-31 05:59:12,-29.6643,17.8865,51.37,26,0,8.01
233,Doka,SD,2021-07-31 05:59:13,13.5167,35.7667,71.28,86,100,13.44
234,Srikakulam,IN,2021-07-31 05:59:13,18.3,83.9,90.72,53,100,13.15
235,Chichicastenango,GT,2021-07-31 05:59:13,14.9333,-91.1167,55.94,96,97,2.21
236,Escanaba,US,2021-07-31 05:59:14,45.7453,-87.0646,63.97,92,5,7.58
237,Hilo,US,2021-07-31 05:59:14,19.7297,-155.09,74.93,90,90,5.75
238,Satun,TH,2021-07-31 05:59:16,6.8333,100.0,87.51,71,98,10.63
239,Maceio,BR,2021-07-31 05:57:58,-9.6658,-35.7353,72.84,88,40,3.44
240,Estrela,BR,2021-07-31 05:59:16,-28.0611,-50.9383,30.9,96,0,4.65
241,Collie,AU,2021-07-31 05:59:17,-33.3667,116.15,52.99,60,55,10.71
242,Sechura,PE,2021-07-31 05:59:17,-5.5569,-80.8222,66.07,80,2,14.65
243,Maneadero,MX,2021-07-31 05:59:17,31.7167,-116.5667,67.1,89,75,5.01
244,Stephenville,US,2021-07-31 05:59:18,32.2207,-98.2023,81.95,73,1,0.0
245,Lighthouse Point,US,2021-07-31 05:59:18,26.2756,-80.0873,84.97,79,93,3.0
246,Shingu,JP,2021-07-31 05:59:19,33.7333,135.9833,87.91,69,7,5.23
247,Pumiao,CN,2021-07-31 05:59:19,22.75,108.4833,93.6,56,81,2.44
248,Ushtobe,KZ,2021-07-31 05:59:19,45.2514,77.9838,86.2,20,3,15.12
249,Russell,US,2021-07-31 05:59:20,32.3502,-85.1999,78.91,93,72,3.76
250,Kruisfontein,ZA,2021-07-31 05:59:20,-34.0033,24.7314,53.69,60,0,7.05
251,Pascagoula,US,2021-07-31 05:59:21,30.3658,-88.5561,82.56,95,94,4.43
252,Japura,ID,2021-07-31 05:59:21,-0.3167,102.35,93.25,45,71,4.09
253,Iqaluit,CA,2021-07-31 05:59:21,63.7506,-68.5145,53.33,71,90,4.0
254,Boyuibe,BO,2021-07-31 05:59:22,-20.4167,-63.2833,48.85,43,100,2.26
255,Aranos,NA,2021-07-31 05:59:23,-24.1333,19.1167,46.08,32,0,11.25
256,Kirakira,SB,2021-07-31 05:59:23,-10.4544,161.9205,79.18,81,90,8.9
257,Palmer,US,2021-07-31 05:59:23,42.1584,-72.3287,60.03,75,0,3.65
258,Matara,LK,2021-07-31 05:59:24,5.9485,80.5353,86.07,65,68,15.05
259,Asyut,EG,2021-07-31 05:59:24,27.181,31.1837,84.38,27,18,7.05
260,Staryy Nadym,RU,2021-07-31 05:59:24,65.6118,72.6842,58.51,65,95,13.94
261,Ivankiv,UA,2021-07-31 05:59:25,50.9386,29.8943,73.63,52,4,6.67
262,Umm Lajj,SA,2021-07-31 05:59:25,25.0213,37.2685,89.02,43,12,3.91
263,Puerto Del Rosario,ES,2021-07-31 05:59:26,28.5004,-13.8627,71.35,68,0,12.66
264,Teeli,RU,2021-07-31 05:59:26,51.0333,90.2333,62.6,55,100,5.06
265,Port Hardy,CA,2021-07-31 05:59:26,50.6996,-127.4199,57.38,94,1,5.75
266,Atambua,ID,2021-07-31 05:59:27,-9.1061,124.8925,83.26,55,9,2.95
267,Mola Di Bari,IT,2021-07-31 05:59:27,41.0609,17.0873,88.92,45,0,3.65
268,Prachuap Khiri Khan,TH,2021-07-31 05:59:28,12.2167,99.75,88.11,60,100,12.37
269,Clyde River,CA,2021-07-31 05:59:11,70.4692,-68.5914,39.43,93,40,5.75
270,Luanda,AO,2021-07-31 05:56:31,-8.8368,13.2343,69.8,88,75,3.44
271,Whitehorse,CA,2021-07-31 05:59:28,60.7161,-135.0538,68.77,45,75,6.91
272,Alyangula,AU,2021-07-31 05:59:29,-13.8483,136.4192,84.07,70,40,6.91
273,Alice Springs,AU,2021-07-31 05:55:13,-23.7,133.8833,87.35,13,0,24.16
274,Husavik,IS,2021-07-31 05:59:29,66.0449,-17.3389,37.31,61,1,2.15
275,Lumut,MY,2021-07-31 05:59:30,4.2323,100.6298,93.56,58,20,2.3
276,Erdaojiang,CN,2021-07-31 05:59:30,41.7764,126.0319,90.16,46,46,11.32
277,Sola,VU,2021-07-31 05:59:31,-13.8833,167.55,78.08,68,84,11.95
278,Leningradskiy,RU,2021-07-31 05:59:31,69.3833,178.4167,33.03,90,98,13.51
279,Sweetwater,US,2021-07-31 05:58:32,25.7634,-80.3731,84.97,84,37,6.62
280,Port Arthur,CN,2021-07-31 05:59:32,38.8,121.2667,79.92,40,75,14.7
281,Tynda,RU,2021-07-31 05:59:32,55.1667,124.7167,62.94,61,100,9.04
282,Oparino,RU,2021-07-31 05:59:33,59.8518,48.2783,65.71,90,62,7.58
283,Peterhead,GB,2021-07-31 05:59:33,57.5058,-1.7981,53.11,79,99,18.41
284,Thompson,CA,2021-07-31 05:59:33,55.7435,-97.8558,53.76,76,1,2.3
285,Adrar,MR,2021-07-31 05:59:34,20.5022,-10.0711,88.05,28,13,6.44
286,Kokoda,PG,2021-07-31 05:59:34,-8.8785,147.7407,79.61,86,89,4.38
287,Antofagasta,CL,2021-07-31 05:59:35,-23.65,-70.4,56.48,85,70,1.83
288,The Valley,AI,2021-07-31 05:59:35,18.217,-63.0578,82.26,78,17,20.51
289,Narsaq,GL,2021-07-31 05:59:36,60.9167,-46.05,46.76,81,99,2.1
290,Fortuna,US,2021-07-31 05:59:36,40.5982,-124.1573,73.18,93,90,0.0
291,Thul,PK,2021-07-31 05:59:36,28.2403,68.7759,93.15,33,8,8.61
292,Hede,CN,2021-07-31 05:59:37,33.7681,120.2517,89.46,66,22,6.51
293,Great Yarmouth,GB,2021-07-31 05:59:37,52.6083,1.7305,59.45,92,93,15.43
294,Vysokogornyy,RU,2021-07-31 05:59:38,50.1167,139.15,62.67,89,100,5.5
295,Tanda,IN,2021-07-31 05:59:38,26.55,82.65,89.62,63,82,19.6
296,Tocopilla,CL,2021-07-31 05:59:39,-22.092,-70.1979,59.16,78,21,0.47
297,Aleksandrovsk-Sakhalinskiy,RU,2021-07-31 05:59:39,50.8975,142.1561,67.93,66,90,10.47
298,Parbatipur,BD,2021-07-31 05:59:40,25.6649,88.9247,87.69,71,100,12.1
299,Talnakh,RU,2021-07-31 05:59:40,69.4865,88.3972,66.85,62,96,11.01
300,Touros,BR,2021-07-31 05:59:40,-5.1989,-35.4608,72.5,90,60,12.53
301,Araouane,ML,2021-07-31 05:59:41,18.9048,-3.5265,93.4,30,30,2.55
302,Sao Filipe,CV,2021-07-31 05:59:41,14.8961,-24.4956,75.27,86,100,4.47
303,Sao Gabriel Da Cachoeira,BR,2021-07-31 05:59:41,-0.1303,-67.0892,71.46,82,92,1.97
304,Winnemucca,US,2021-07-31 05:59:42,40.973,-117.7357,75.09,50,98,6.8
305,Clonakilty,IE,2021-07-31 05:59:03,51.6231,-8.8706,56.41,85,100,7.7
306,Salinas,US,2021-07-31 05:55:52,36.6777,-121.6555,65.41,85,28,1.19
307,Shangrao,CN,2021-07-31 05:59:43,28.4532,117.9686,91.65,62,52,4.88
308,Lumeje,AO,2021-07-31 05:59:43,-11.55,20.7833,55.69,39,0,7.45
309,Wangou,CN,2021-07-31 05:59:43,42.0623,126.9127,85.68,49,80,4.81
310,Okhotsk,RU,2021-07-31 05:59:44,59.3833,143.3,62.47,56,37,9.55
311,Ust-Ilimsk,RU,2021-07-31 05:59:44,58.0006,102.6619,80.65,44,74,5.99
312,Verkhoyansk,RU,2021-07-31 05:59:45,67.5447,133.385,84.15,21,28,7.43
313,Hobyo,SO,2021-07-31 05:59:45,5.3505,48.5268,80.6,63,81,23.8
314,Atar,MR,2021-07-31 05:59:45,20.5169,-13.0499,85.26,37,21,3.8
315,Hualmay,PE,2021-07-31 05:59:46,-11.0964,-77.6139,62.29,87,64,9.37
316,Bonfim,BR,2021-07-31 05:59:46,3.0833,-59.95,72.66,89,59,4.36
317,Bilibino,RU,2021-07-31 05:59:46,68.0546,166.4372,43.75,57,100,12.8
318,Swan Hill,AU,2021-07-31 05:59:47,-35.3378,143.5544,71.19,34,4,14.0
319,Sept-Iles,CA,2021-07-31 05:59:47,50.2001,-66.3821,58.05,97,90,0.0
320,Baiyin,CN,2021-07-31 05:59:48,36.5583,104.2081,92.28,13,1,6.46
321,Tazovskiy,RU,2021-07-31 05:59:48,67.4667,78.7,59.41,60,25,13.24
322,Bloemfontein,ZA,2021-07-31 05:59:48,-29.1211,26.214,24.28,68,0,2.3
323,Ribeira Grande,PT,2021-07-31 05:59:49,38.5167,-28.7,70.56,85,94,5.79
324,Hailin,CN,2021-07-31 05:59:49,44.5833,129.4167,91.63,42,84,15.21
325,Dukat,RU,2021-07-31 05:59:49,62.55,155.55,50.0,53,92,9.95
326,Puerto Baquerizo Moreno,EC,2021-07-31 05:59:50,-0.9,-89.6,70.77,85,76,9.91
327,Qui Nhon,VN,2021-07-31 05:59:51,13.7667,109.2333,94.86,49,79,15.17
328,Bambous Virieux,MU,2021-07-31 05:59:51,-20.3428,57.7575,73.65,64,40,13.8
329,Shigony,RU,2021-07-31 05:59:51,53.3875,48.6777,79.81,59,79,13.4
330,Lagunas,PE,2021-07-31 05:59:52,-5.2269,-75.6753,66.99,87,67,2.01
331,Kaeo,NZ,2021-07-31 05:59:53,-35.1,173.7833,60.33,84,100,17.96
332,Ulladulla,AU,2021-07-31 05:59:53,-35.35,150.4667,69.76,52,51,5.73
333,Saldanha,ZA,2021-07-31 05:59:53,-33.0117,17.9442,44.65,69,3,6.87
334,Natal,BR,2021-07-31 05:58:44,-5.795,-35.2094,72.25,100,75,10.36
335,Inga,BR,2021-07-31 05:59:54,-7.2808,-35.6044,73.85,95,93,5.23
336,Beringovskiy,RU,2021-07-31 05:59:54,63.05,179.3167,43.25,89,98,16.58
337,Broome,US,2021-07-31 05:59:55,42.2506,-75.833,54.64,96,0,1.01
338,Tigtabon,PH,2021-07-31 05:59:55,6.8956,122.1669,87.89,70,40,13.8
339,Karlskoga,SE,2021-07-31 05:55:36,59.3267,14.5239,64.38,88,96,7.2
340,Laziska Gorne,PL,2021-07-31 05:59:56,50.1495,18.8422,71.35,83,94,7.85
341,Laguna,US,2021-07-31 05:59:56,38.421,-121.4238,91.22,48,1,1.99
342,Sidi Bin Nur,TN,2021-07-31 05:59:57,35.5333,10.9167,80.51,46,18,6.33
343,Hazorasp,UZ,2021-07-31 05:59:57,41.3194,61.0742,85.84,11,98,11.68
344,Parrita,CR,2021-07-31 05:59:57,9.5201,-84.3225,83.97,88,97,3.2
345,Kahramanmaras,TR,2021-07-31 05:59:58,38.0,37.0,70.65,44,0,8.7
346,Vaitape,PF,2021-07-31 05:59:58,-16.5167,-151.75,77.85,69,41,15.59
347,Launceston,AU,2021-07-31 05:59:59,-41.45,147.1667,55.62,79,40,4.0
348,Kununurra,AU,2021-07-31 05:59:59,-15.7667,128.7333,96.78,21,2,4.61
349,Wagrowiec,PL,2021-07-31 05:59:59,52.8084,17.1996,68.07,57,92,10.27
350,Seryshevo,RU,2021-07-31 06:00:00,51.0933,128.3786,61.79,99,100,6.15
351,Neiafu,TO,2021-07-31 06:00:00,-18.65,-173.9833,79.48,89,75,11.5
352,Broken Hill,AU,2021-07-31 05:58:01,-31.95,141.4333,74.91,27,30,17.27
353,Mogadishu,SO,2021-07-31 06:00:01,2.0371,45.3438,78.03,68,68,20.33
354,Villarrica,PY,2021-07-31 06:00:02,-25.75,-56.4333,46.15,60,100,3.31
355,Pierreville,CA,2021-07-31 06:00:03,46.0703,-72.8112,57.25,68,97,5.41
356,Amapa,BR,2021-07-31 06:00:04,1.0,-52.0,69.76,100,60,0.87
357,Port Hedland,AU,2021-07-31 06:00:07,-20.3167,118.5667,82.45,39,75,19.57
358,Chuy,UY,2021-07-31 06:00:08,-33.6971,-53.4616,42.96,91,0,6.62
359,Ahipara,NZ,2021-07-31 06:00:09,-35.1667,173.1667,57.51,80,100,13.09
360,Laishevo,RU,2021-07-31 06:00:09,55.4046,49.5504,73.81,73,68,13.31
361,Debre Sina,ET,2021-07-31 06:00:10,9.85,39.7667,53.65,89,100,6.33
362,Tres Arroyos,AR,2021-07-31 06:00:10,-38.3739,-60.2798,44.65,56,68,10.78
363,Buala,SB,2021-07-31 06:00:11,-8.145,159.5921,82.06,78,89,6.87
364,Kisangani,CD,2021-07-31 06:00:11,0.5167,25.2,74.73,78,96,3.69
365,Jacareacanga,BR,2021-07-31 06:00:12,-6.2222,-57.7528,69.82,60,10,0.98
366,Waitati,NZ,2021-07-31 06:00:12,-45.75,170.5667,51.8,77,99,3.13
367,Vigrestad,NO,2021-07-31 06:00:13,58.5667,5.7,56.88,77,98,21.0
368,Ketchikan,US,2021-07-31 06:00:14,55.3422,-131.6461,62.56,92,40,2.82
369,Mangrol,IN,2021-07-31 06:00:14,21.1167,70.1167,83.93,78,100,22.44
370,Oistins,BB,2021-07-31 06:00:15,13.0667,-59.5333,80.83,79,44,16.96
371,Namatanai,PG,2021-07-31 06:00:16,-3.6667,152.4333,83.35,72,90,6.46
372,Prieska,ZA,2021-07-31 06:00:16,-29.6641,22.7474,48.51,22,0,2.35
373,Nishiwaki,JP,2021-07-31 06:00:16,34.9833,134.9667,91.78,44,61,0.83
374,Igarka,RU,2021-07-31 06:00:17,67.4667,86.5833,56.84,94,100,10.33
375,Salta,AR,2021-07-31 06:00:18,-24.7859,-65.4117,42.1,60,0,1.95
376,Kharp,RU,2021-07-31 06:00:18,66.8014,65.8081,55.56,63,75,8.1
377,Hofn,IS,2021-07-31 06:00:19,64.2539,-15.2082,47.8,84,19,6.17
378,Vilyuysk,RU,2021-07-31 06:00:20,63.7553,121.6247,82.22,23,10,2.95
379,Shimoda,JP,2021-07-31 06:00:20,34.6667,138.95,81.99,72,57,4.74
380,Hamilton,US,2021-07-31 05:58:18,39.1834,-84.5333,70.57,81,29,3.8
381,Plattsburgh,US,2021-07-31 06:00:22,44.6995,-73.4529,59.65,64,65,7.47
382,Peniche,PT,2021-07-31 06:00:22,39.3558,-9.3811,64.72,82,44,21.41
383,Sovetskiy,RU,2021-07-31 06:00:23,61.3614,63.5842,64.94,38,5,6.87
384,Maumere,ID,2021-07-31 06:00:24,-8.6199,122.2111,83.3,66,31,11.1
385,Luderitz,NA,2021-07-31 06:00:24,-26.6481,15.1594,67.82,26,0,16.2
386,Tupik,RU,2021-07-31 06:00:25,54.4253,119.9327,65.1,56,41,10.89
387,Avera,US,2021-07-31 06:00:25,33.194,-82.5271,82.53,86,97,6.04
388,Muros,ES,2021-07-31 06:00:25,42.7762,-9.0603,60.98,90,42,8.59
389,Kunashak,RU,2021-07-31 06:00:26,55.7032,61.5498,77.52,60,63,6.89
390,Lannion,FR,2021-07-31 06:00:27,48.75,-3.4167,58.68,94,75,9.22
391,Garmsar,IR,2021-07-31 06:00:27,35.2182,52.3409,90.79,26,60,14.67
392,Diego De Almagro,CL,2021-07-31 06:00:28,-26.3667,-70.05,61.11,24,39,5.03
393,Funadhoo,MV,2021-07-31 06:00:28,6.15,73.2667,82.42,76,51,10.89
394,Erie,US,2021-07-31 05:58:29,42.7667,-78.6664,58.95,89,0,3.58
395,Georgetown,MY,2021-07-31 05:57:35,5.4112,100.3354,87.73,84,40,14.97
396,Rongcheng,CN,2021-07-31 06:00:29,30.634,117.8517,91.47,63,28,5.23
397,Flinders,AU,2021-07-31 06:00:30,-34.5833,150.8552,71.2,77,32,3.0
398,Champasak,LA,2021-07-31 06:00:31,14.75,106.0,82.56,84,99,4.9
399,Christchurch,NZ,2021-07-31 06:00:12,-43.5333,172.6333,53.01,84,20,4.0
400,Cap Malheureux,MU,2021-07-31 06:00:32,-19.9842,57.6142,73.47,71,28,11.01
401,Puerto Escondido,MX,2021-07-31 06:00:32,15.85,-97.0667,79.79,84,93,4.43
402,Kavaratti,IN,2021-07-31 06:00:33,10.5669,72.642,82.36,79,92,14.85
403,Yar,RU,2021-07-31 06:00:34,58.249,52.1026,69.8,75,100,10.6
404,Taunsa,PK,2021-07-31 06:00:35,30.7048,70.6505,101.53,38,1,2.37
405,Batagay-Alyta,RU,2021-07-31 06:00:36,67.8006,130.4114,81.95,22,28,6.78
406,Mana,GF,2021-07-31 06:00:36,5.6592,-53.7767,76.57,88,22,5.17
407,Mareeba,AU,2021-07-31 06:00:37,-17.0,145.4333,79.32,71,65,9.86
408,Tulagi,SB,2021-07-31 06:00:37,-9.0996,160.1476,81.73,75,76,11.43
409,Mocuba,MZ,2021-07-31 06:00:38,-16.8392,36.9856,66.04,87,89,3.8
410,Bideford,GB,2021-07-31 06:00:38,51.0179,-4.2046,60.71,92,51,8.05
411,Kimbe,PG,2021-07-31 06:00:38,-5.5502,150.1429,82.15,84,99,0.11
412,Idaho Falls,US,2021-07-31 05:56:21,43.4666,-112.0341,69.64,81,95,1.01
413,Tucumcari,US,2021-07-31 06:00:39,35.1717,-103.725,75.94,41,30,9.95
414,Shache,CN,2021-07-31 06:00:39,38.4167,77.2406,93.38,14,13,10.07
415,Forbes,AU,2021-07-31 06:00:40,-33.3833,148.0167,63.46,64,38,15.39
416,Fairbanks,US,2021-07-31 06:00:03,64.8378,-147.7164,66.6,73,42,1.86
417,Waingapu,ID,2021-07-31 06:00:41,-9.6567,120.2641,85.48,58,8,15.57
418,Sinnamary,GF,2021-07-31 06:00:41,5.3833,-52.95,77.41,85,6,4.56
419,Newport,GB,2021-07-31 05:57:14,51.5877,-2.9984,60.85,88,97,5.66
420,Iracoubo,GF,2021-07-31 06:00:42,5.4802,-53.2011,76.62,86,10,4.21
421,Caraballeda,VE,2021-07-31 06:00:42,10.6112,-66.8522,78.87,89,11,5.75
422,Yen Bai,VN,2021-07-31 06:00:42,21.7,104.8667,94.21,57,100,3.22
423,Sapa,PH,2021-07-31 06:00:43,5.1544,120.3241,86.38,70,85,10.47
424,Pakxan,LA,2021-07-31 06:00:43,18.3778,103.6601,90.01,68,98,6.93
425,Sur,OM,2021-07-31 06:00:44,22.5667,59.5289,96.06,46,83,11.45
426,Aklavik,CA,2021-07-31 06:00:44,68.2191,-135.0107,55.53,81,62,7.96
427,Poronaysk,RU,2021-07-31 06:00:45,49.2167,143.1167,63.05,86,100,3.42
428,Astana,KZ,2021-07-31 06:00:45,51.1801,71.446,80.55,19,20,17.9
429,Evensk,RU,2021-07-31 06:00:46,61.95,159.2333,56.23,56,8,11.32
430,Pointe Michel,DM,2021-07-31 06:00:47,15.25,-61.3833,80.71,80,26,14.0
431,Coolum Beach,AU,2021-07-31 06:00:47,-26.5333,153.1,71.33,70,7,11.74
432,Kismayo,SO,2021-07-31 06:00:47,-0.3582,42.5454,78.75,67,90,17.85
433,Kawambwa,ZM,2021-07-31 06:00:48,-9.7915,29.0791,60.71,48,1,12.75
434,Boddam,GB,2021-07-31 06:00:49,57.4667,-1.7833,53.11,79,99,18.88
435,Panaba,MX,2021-07-31 06:00:49,21.2833,-88.2667,75.83,94,36,6.58
436,Dzerzhinsk,RU,2021-07-31 06:00:49,56.2389,43.4631,69.62,88,40,8.95
437,Coracora,PE,2021-07-31 06:00:50,-15.0333,-73.7833,43.05,69,38,0.98
438,Belmonte,BR,2021-07-31 06:00:50,-15.8631,-38.8828,64.9,84,96,13.62
439,Chicama,PE,2021-07-31 06:00:51,-7.8447,-79.1469,64.51,86,59,4.88
440,Dudinka,RU,2021-07-31 06:00:51,69.4058,86.1778,64.33,75,100,6.87
441,Ust-Tsilma,RU,2021-07-31 06:00:52,65.441,52.1498,56.71,66,99,5.73
442,Canton,CN,2021-07-31 05:59:35,23.1167,113.25,93.15,43,100,8.37
443,Yongchang,CN,2021-07-31 06:00:52,30.0381,119.7317,94.1,53,31,2.66
444,Veraval,IN,2021-07-31 06:00:53,20.9,70.3667,83.35,81,100,21.79
445,Aurora,US,2021-07-31 06:00:11,39.7294,-104.8319,70.54,84,100,1.01
446,Mandan,US,2021-07-31 06:00:53,46.8267,-100.8896,73.04,73,1,5.75
447,Fort Nelson,CA,2021-07-31 06:00:54,58.8053,-122.7002,65.79,72,20,0.0
448,Rocha,UY,2021-07-31 06:00:54,-34.4833,-54.3333,39.79,91,0,5.84
449,Luba,GQ,2021-07-31 06:00:55,3.4568,8.5547,76.89,83,66,4.68
450,Sabrum,IN,2021-07-31 06:00:55,23.0,91.7319,83.5,90,99,7.09
451,Lagoa,PT,2021-07-31 06:00:56,39.05,-27.9833,69.58,86,75,7.4
452,Aksarka,RU,2021-07-31 06:00:56,66.5606,67.7975,53.56,76,100,5.64
453,Xiuyan,CN,2021-07-31 06:00:57,40.2928,123.2744,81.77,77,73,17.36
454,Gornopravdinsk,RU,2021-07-31 06:00:57,60.05,69.9,61.7,80,98,6.55
455,Stykkisholmur,IS,2021-07-31 06:00:58,65.0757,-22.7297,55.18,76,98,4.83
456,Quelimane,MZ,2021-07-31 06:00:58,-17.8786,36.8883,73.45,72,42,6.78
457,Urumqi,CN,2021-07-31 06:00:58,43.801,87.6005,58.15,88,90,4.47
458,Lebyazhye,RU,2021-07-31 06:00:59,55.2689,66.4947,74.12,60,12,12.68
459,Itupiranga,BR,2021-07-31 06:01:00,-5.1347,-49.3267,75.65,76,82,2.77
460,Atasu,KZ,2021-07-31 06:01:00,48.6814,71.6433,82.13,20,6,5.73
461,Basco,PH,2021-07-31 06:01:01,20.4487,121.9702,83.01,88,100,26.8
462,Thinadhoo,MV,2021-07-31 06:01:02,0.5333,72.9333,81.72,71,55,2.73
463,Codrington,AU,2021-07-31 06:01:02,-38.2667,141.9667,52.65,95,97,13.58
464,San-Pedro,CI,2021-07-31 06:01:03,4.7485,-6.6363,73.13,93,19,3.78
465,Sitio Novo Do Tocantins,BR,2021-07-31 06:01:03,-5.5183,-47.4611,72.14,83,43,2.59
466,Coquimbo,CL,2021-07-31 06:01:04,-29.9533,-71.3436,53.28,82,0,0.96
467,Bayburt,TR,2021-07-31 06:01:04,40.2589,40.2278,66.47,64,60,2.95
468,Shelburne,CA,2021-07-31 06:00:12,44.0787,-80.2041,53.53,72,1,7.0
469,Pervomayskaya,RU,2021-07-31 06:01:05,43.4033,45.5261,78.6,61,0,2.24
470,Cuiaba,BR,2021-07-31 06:01:05,-15.5961,-56.0967,60.73,41,0,3.44
471,Leshan,CN,2021-07-31 06:01:06,29.5623,103.7639,96.39,37,46,2.73
472,Taltal,CL,2021-07-31 06:01:06,-25.4,-70.4833,60.82,64,10,1.83
473,Ancud,CL,2021-07-31 06:01:06,-41.8697,-73.8203,40.08,84,5,4.59
474,Kidal,ML,2021-07-31 06:01:07,18.4411,1.4078,87.17,44,64,15.57
475,Uryupinsk,RU,2021-07-31 06:01:07,50.8047,42.0138,76.26,69,95,5.14
476,Vila Velha,BR,2021-07-31 05:58:25,-20.3297,-40.2925,62.55,67,40,9.22
477,Praya,CV,2021-07-31 06:01:08,14.9215,-23.5087,75.79,85,97,8.1
478,Novovasylivka,UA,2021-07-31 06:01:08,46.8315,35.7536,78.19,60,17,9.01
479,Xai-Xai,MZ,2021-07-31 06:01:09,-25.0519,33.6442,68.4,69,13,5.97
480,Luangwa,ZM,2021-07-31 06:01:09,-15.6167,30.4167,66.6,62,27,8.25
481,Aquiraz,BR,2021-07-31 06:01:10,-3.9014,-38.3911,80.19,78,50,13.62
482,Bobcaygeon,CA,2021-07-31 06:01:10,44.5462,-78.542,52.88,81,26,4.65
483,Lerwick,GB,2021-07-31 06:01:10,60.1545,-1.1494,50.0,84,100,14.67
484,Isla Mujeres,MX,2021-07-31 06:00:08,21.2311,-86.731,84.16,80,23,10.98
485,Poum,NC,2021-07-31 06:01:11,-20.2333,164.0167,69.94,57,4,23.94
486,Mungaa,TZ,2021-07-31 06:01:11,-4.9667,34.8833,60.44,55,23,13.71
487,Manggar,ID,2021-07-31 06:01:12,-2.8833,108.2667,86.02,63,3,11.32
488,Kushima,JP,2021-07-31 06:01:12,31.4583,131.2333,87.75,63,95,7.61
489,Pingliang,CN,2021-07-31 06:01:13,35.5392,106.6861,98.02,13,2,5.88
490,Itoman,JP,2021-07-31 06:01:13,26.1247,127.6694,89.4,84,75,16.11
491,Andenes,NO,2021-07-31 06:01:14,69.3143,16.1194,48.07,87,90,17.27
492,Turukhansk,RU,2021-07-31 06:01:14,65.8167,87.9833,65.35,57,97,15.32
493,Rawson,AR,2021-07-31 06:01:14,-43.3002,-65.1023,42.73,47,2,13.18
494,Yeniseysk,RU,2021-07-31 06:01:15,58.4497,92.1703,72.54,48,63,5.28
495,Imeni Babushkina,RU,2021-07-31 06:01:15,59.7573,43.1285,64.08,94,99,6.78
496,Klaksvik,FO,2021-07-31 06:01:16,62.2266,-6.589,49.12,83,100,17.02
497,Lao Cai,VN,2021-07-31 06:01:16,22.4833,103.95,94.12,60,99,1.97
498,San Martin,AR,2021-07-31 06:01:17,-33.081,-68.4681,43.54,44,1,4.41
499,Puksoozero,RU,2021-07-31 06:01:17,62.5903,40.6066,62.35,76,93,3.58
500,Caravelas,BR,2021-07-31 06:01:18,-17.7125,-39.2481,66.81,83,100,12.17
501,Groningen,NL,2021-07-31 06:01:18,53.25,6.75,62.04,75,75,5.01
502,Banjar,ID,2021-07-31 06:01:19,-8.19,114.9675,84.06,53,8,1.95
503,Evreux,FR,2021-07-31 06:01:19,49.0241,1.1508,59.95,100,90,5.75
504,Bastia,FR,2021-07-31 06:01:19,42.6667,9.3333,79.3,78,75,3.44
505,Tecoanapa,MX,2021-07-31 06:01:20,16.5167,-98.75,79.3,82,100,2.8
506,Santo Augusto,BR,2021-07-31 06:01:20,-27.8508,-53.7772,40.44,77,0,8.05
507,Abrau-Dyurso,RU,2021-07-31 06:01:20,44.69,37.59,80.06,61,0,5.1
508,Zelenoborsk,RU,2021-07-31 06:01:21,61.4669,64.0333,65.14,38,4,6.8
509,Pangnirtung,CA,2021-07-31 06:01:21,66.1451,-65.7125,55.17,69,97,0.89
510,Zhigalovo,RU,2021-07-31 06:01:22,54.8097,105.1578,81.93,42,29,5.82
511,Pachino,IT,2021-07-31 06:01:22,36.7186,15.0907,90.59,55,0,0.34
512,Kawalu,ID,2021-07-31 06:01:23,-7.3817,108.2082,80.15,76,79,6.13
513,Marienburg,PL,2021-07-31 06:01:23,54.0359,19.0266,66.87,53,24,10.31
514,Linares,CL,2021-07-31 06:01:24,-35.85,-71.6,44.33,83,25,3.22
515,Mapimi,MX,2021-07-31 06:01:24,25.8167,-103.85,77.18,53,15,7.45
516,Lavrentiya,RU,2021-07-31 06:01:25,65.5833,-171.0,43.92,98,100,5.41
517,Bayir,TR,2021-07-31 06:01:25,37.2687,28.2167,82.92,23,0,8.37
518,San Fernando,PH,2021-07-31 06:01:25,15.0286,120.6898,87.15,74,93,15.21
519,Taldan,RU,2021-07-31 06:01:26,53.6667,124.8,58.08,69,100,9.37
520,Barrhead,GB,2021-07-31 05:59:38,55.7992,-4.3929,59.83,91,99,1.01
521,Okato,NZ,2021-07-31 06:01:26,-39.2,173.8833,54.68,84,91,4.7
522,Kemijarvi,FI,2021-07-31 06:01:27,66.7131,27.4306,52.52,85,99,3.96
523,Bangkal,PH,2021-07-31 06:01:27,6.0667,121.0667,86.72,66,50,7.63
524,Qiongshan,CN,2021-07-31 06:01:28,20.0058,110.3542,93.2,57,100,5.35
525,Aginskoye,RU,2021-07-31 06:01:28,51.1,114.53,71.83,41,46,16.44
526,Ullapool,GB,2021-07-31 06:01:29,57.8987,-5.1604,52.95,84,99,4.92
527,Aranda De Duero,ES,2021-07-31 06:01:29,41.6704,-3.6892,57.36,78,58,0.96
528,Taoudenni,ML,2021-07-31 06:01:29,22.6783,-3.9836,92.17,28,0,4.32
529,Alofi,NU,2021-07-31 06:01:30,-19.0595,-169.9187,78.03,85,31,19.69
530,Saint-Jerome,CA,2021-07-31 05:57:45,45.7804,-74.0036,58.86,70,20,3.44
531,Dandong,CN,2021-07-31 06:01:30,40.1292,124.3947,82.92,78,7,19.82
532,Almaznyy,RU,2021-07-31 06:01:31,48.0448,40.045,78.94,54,14,6.31
533,Takoradi,GH,2021-07-31 06:01:31,4.8845,-1.7554,74.68,89,89,5.79
534,Misawa,JP,2021-07-31 06:01:32,40.6836,141.3597,82.6,94,75,5.75
535,Geraldton,AU,2021-07-31 05:58:04,-28.7667,114.6,63.12,63,73,16.11
536,Zheleznodorozhnyy,RU,2021-07-31 06:01:32,55.7503,38.0042,72.14,55,14,11.14
537,Itarema,BR,2021-07-31 06:01:33,-2.9248,-39.9167,77.41,79,99,14.29
538,Kattivakkam,IN,2021-07-31 06:01:33,13.2167,80.3167,93.29,44,71,12.46
539,Guanica,PR,2021-07-31 06:01:34,17.9716,-66.908,82.02,76,85,5.99
